id,displayBadges,highlight,reason_cooling,reason_pressureRelief,reason_motionIsolation,reason_support,reason_plush,reason_medium,reason_firm,reason_durability,reason_default,topPickReason,differentiator1Title,differentiator1Detail,differentiator2Title,differentiator2Detail
g1,Fibras Naturales de Lujo|Firme|Euro-Top,Lujo firme artesanal en lana Merino y cachemira,,,,,,,,,"Lana Merino, cachemira y látex de grafito sobre múltiples capas de resortes — soporte firme que respira y dura.",Lujo artesanal de fibras naturales con soporte firme de doble resorte que respira.,Capas de confort de fibras naturales,"La lana Merino, el pelo de camello y la cachemira respiran y regulan el calor como las espumas sintéticas no pueden.",Doble resorte con látex de grafito,Elevación receptiva y estabilidad en lugar del hundimiento lento de la espuma viscoelástica.
g2,Fibras Naturales de Lujo|Suave|Euro-Top,"Nuestro suave más indulgente — lana, cachemira y 16.5 pulgadas de lujo",,,,,,,,,Un euro-top suave y profundo de lana y cachemira sobre capas de resortes — suavidad indulgente que nunca pierde su soporte.,El suave más lujoso de la tienda — fibras naturales sobre capas de resortes.,Euro-top suave y profundo,Una superficie envolvente para quienes duermen de lado y quieren confort de nube sin hundirse hasta el fondo.,Relleno natural transpirable,La lana y la cachemira mantienen las capas suaves más frescas que los pillow-tops de espuma densa.
g3,"4,294 Resortes|Firme|Copetudo a Mano","4,294 resortes de soporte firme copetudo a mano",,,,,,,,,"4,294 resortes, lana Merino y construcción copetuda a mano — alineación firme diseñada para durar décadas.","Enorme cantidad de 4,294 resortes con artesanía copetuda a mano para una alineación firme y duradera.","Sistema de 4,294 resortes",Varias veces los resortes de una cama estándar — soporte firme más fino y contorneado.,Construcción copetuda a mano,El copetudo fija las capas para que el pillowtop no se mueva ni se deforme con los años.
g4,Frescura|Suave|Espuma Viscoelástica,"Se siente hasta 10° más fresco, confort TEMPUR suave",,,,,,,,,El colchón más fresco de Tempur-Pedic — el material Pure Cool Plus disipa el calor mientras el TEMPUR suave abraza cada curva.,El colchón suave que duerme más fresco de la tienda — hasta 10° más fresco toda la noche.,Se siente hasta 10° más fresco,Frescura de cambio de fase que se siente al momento de acostarte — hecho para quienes duermen con calor.,Contorno TEMPUR suave,Se acomoda lentamente alrededor de los puntos de presión en lugar de empujar como los resortes.
g5,Frescura|Híbrido|Medio,Frescura toda la noche con confort TEMPUR y soporte de resortes,,,,,,,,,Funda Breeze fresca al tacto y material Pure Cool sobre una base híbrida de resortes — frescura más el verdadero alivio de presión TEMPUR.,Frescura comprobada toda la noche con contorno TEMPUR adaptable y soporte híbrido.,Funda Breeze fresca al tacto,Notablemente más fresco al contacto que los modelos TEMPUR estándar.,Base híbrida de resortes,Agrega ventilación y un toque de respuesta bajo la espuma viscoelástica.
g6,Hecho a Mano|Suave|Materiales Naturales,Hecho a mano en Texas — lujo suave con euro-top,,,,,,,,,Un híbrido hecho a mano con materiales naturales y euro-top suave — construido por artesanos de Restonic para durar toda la vida.,"Lujo suave hecho a mano con materiales naturales, fabricado regionalmente por Restonic.",Construcción a mano,Ensamblado a mano con materiales naturales que la mayoría de las camas de fábrica omiten.,Sensación de euro-top suave,Confort acolchado y envolvente sobre un núcleo híbrido de soporte.
g7,Hecho a Mano|Medio|Materiales Naturales,Lujo equilibrado hecho a mano con materiales naturales,,,,,,,,,Hecho a mano con materiales naturales en un tight-top medio equilibrado — lujo que funciona para casi todos.,Lujo hecho a mano en un medio verdadero — la cama más versátil de la línea Reserve.,Medio verdaderamente equilibrado,Ni suave ni firme — una elección de lujo segura para parejas que no se ponen de acuerdo.,Construcción de materiales naturales,Hecho a mano con capas naturales transpirables que duran más que las camas de pura espuma.
g8,Hecho a Mano|Extra Firme|Materiales Naturales,"Extra firme hecho a mano — máximo soporte, materiales de lujo",,,,,,,,,La cama más firme de la línea Reserve — soporte híbrido hecho a mano con materiales naturales para quienes quieren máxima elevación.,Soporte extra firme hecho a mano — la elección para quienes duermen boca arriba o boca abajo y quieren lujo.,Verdadera elevación extra firme,Te mantiene completamente sobre la cama — la opción de lujo más firme de la tienda.,Durabilidad hecha a mano,Los materiales naturales y el ensamblaje a mano evitan que la firmeza se ablande antes de tiempo.
g9,Infusión de Cobre|Frescura|Cushion Firm,Frescura con infusión de cobre y soporte cushion-firm,,,,,,,,,Tela de cobre patentada NatuVerex y espuma viscoelástica con cobre — un sueño más limpio y fresco sobre soporte híbrido cushion-firm.,Frescura y recuperación del cobre con soporte híbrido cushion-firm equilibrado.,Superficie con infusión de cobre,La tela y las espumas de cobre disipan el calor y se mantienen naturalmente más frescas que la espuma estándar.,Equilibrio cushion-firm,Soporta como un firme con un cojín delgado de confort — firme sin sentirse como tabla.
s1,Marvelous Middle|Firme|Box Top,Box top de lujo de 16 pulgadas con soporte firme zonificado,,,,,,,,,El patentado Marvelous Middle brinda 25% más soporte en el tercio central — donde tu cuerpo más lo necesita.,Confort box-top de lujo con soporte firme zonificado en el centro.,Zonificación Marvelous Middle,"25% más soporte bajo caderas y espalda baja, donde la mayoría de las camas se hunden primero.",Construcción box-top de lujo,Un perfil de 16 pulgadas con capas superficiales suaves sobre un núcleo firme.
s2,Marvelous Middle|Extra Firme|Híbrido,Máximo soporte con capas de confort de lujo Paige,,,,,,,,,Soporte híbrido extra firme con zonificación Marvelous Middle — máxima elevación sin renunciar a las capas de lujo.,El Platinum más firme — soporte extra firme zonificado en construcción de lujo.,Núcleo de soporte extra firme,Notablemente más firme que el Paige Firme — para quienes no quieren hundirse nada.,Tercio central zonificado,El refuerzo Marvelous Middle mantiene las caderas niveladas en cualquier posición.
s3,Box Top Suave|Resortes Zonificados|Soporte de Borde,Box top suave y profundo sobre resortes envueltos zonificados,,,,,,,,,"Un box top suave de 15 pulgadas con resortes centrales 25% más gruesos y encasado de borde de 3 pulgadas — suave donde lo sientes, con soporte donde lo necesitas.",Suavidad box-top con soporte de resortes envueltos zonificados y bordes fuertes.,Suavidad box-top profunda,Una capa superior acolchada cosida con más profundidad que un suave estándar.,Resortes envueltos zonificados,Resortes envueltos individualmente aíslan el movimiento y se refuerzan bajo las caderas.
s4,Box Top Firme|Resortes Zonificados|Soporte de Borde,Confort box-top firme con soporte de resortes zonificados,,,,,,,,,Soporte box-top firme con resortes centrales 25% más gruesos y encasado completo de borde — confort que prioriza la alineación con acabado de lujo.,Soporte firme zonificado en construcción box-top con confort de borde a borde.,Firme con acabado superior,Alineación firme sin la sensación dura y desnuda de un firme tight-top.,Encasado de borde de 3 pulgadas,Rieles de espuma de alta densidad mantienen la superficie útil hasta el borde.
s5,Gel Fresco|Firme|Híbrido,Espuma viscoelástica con gel fresco sobre soporte híbrido firme,,,,,,,,,Una capa completa de espuma con gel fresco sobre un núcleo híbrido firme — alivio de presión con efecto refrescante y alineación sólida.,Soporte híbrido firme coronado con espuma viscoelástica de gel fresco.,Capa de espuma con gel fresco,Agrega confort refrescante que un firme de resortes común no tiene.,Núcleo híbrido firme,Mantiene tu columna alineada mientras la capa de gel suaviza los puntos de contacto.
s6,Gel Fresco|Medio|Híbrido,Confort medio equilibrado con espuma de gel fresco,,,,,,,,,"Espuma con gel fresco sobre un híbrido medio equilibrado — alivio de presión, frescura y soporte en la sensación que la mayoría elige.",La elección equilibrada — confort híbrido medio con capa de gel refrescante.,Medio que agrada a todos,La sensación en la que la mayoría de las parejas están de acuerdo — equilibrio entre suavidad y soporte.,Superficie enfriada por gel,El gel fresco compensa el calor de la espuma viscoelástica común en camas medias.
s7,Gel Fresco|Suave|Híbrido,Confort suave enfriado por gel sobre soporte híbrido,,,,,,,,,Espuma viscoelástica suave con gel sobre resortes híbridos — alivio de presión suave y fresco para quienes duermen de lado con calor.,Alivio de presión suave y refrescante — suavidad sin el calor.,Suave que se mantiene fresco,La espuma con gel evita que las capas suaves atrapen el calor.,Suavidad con soporte,Los resortes híbridos bajo la capa suave evitan la sensación de hamaca de las camas blandas de pura espuma.
s8,Marvelous Middle|Firme|Euro Top,Confort euro-top firme con resortes centrales 25% más gruesos,,,,,,,,,Resortes 25% más gruesos en el tercio central soportan caderas y espalda baja mientras el euro top suaviza la superficie firme.,Soporte firme zonificado con acabado euro-top — firme sin sentirse desnudo.,Euro-top sobre resortes firmes,Una capa de cojín cosida por debajo suaviza la sensación de un firme verdadero.,Resortes centrales más gruesos,La zonificación distintiva de Restonic mantiene las caderas niveladas donde las camas fallan primero.
s9,Híbrido|Medio|Aislamiento de Movimiento,Medio de lujo que se adapta y permanece quieto toda la noche,,,,,,,,,Capas de espuma adaptable sobre resortes envueltos — confort medio equilibrado que absorbe el movimiento de la pareja.,Confort medio equilibrado con resortes envueltos que mantienen el movimiento de tu pareja de su lado.,Aislamiento de movimiento con resortes envueltos,"Cada resorte se mueve solo, así una pareja inquieta no te despierta.",Capas de confort adaptables,Las capas de espuma se contornean sin el hundimiento profundo de las camas viscoelásticas.
s10,Marvelous Middle|Extra Firme|Tight Top,Soporte extra firme zonificado a un precio accesible,,,,,,,,,Soporte híbrido extra firme con resortes centrales 25% más gruesos — máxima alineación sin precio de lujo.,Soporte extra firme zonificado serio al mejor precio de su clase.,Tight top extra firme,Una superficie plana y de soporte sin suavidad — para quienes quieren algo sólido.,Soporte central zonificado,Resortes centrales más gruesos protegen la firmeza de las marcas corporales tempranas.
b1,Suave|12.5 Pulgadas|Valor,Suavidad acogedora a un precio cotidiano,,,,,,,,,Una construcción suave de 12.5 pulgadas que acolcha hombros y caderas — suavidad fácil a un precio razonable.,Confort suave honesto para quienes duermen de lado a precio cotidiano.,Superficie verdaderamente suave,Más suave que el Gracie — hecho para quienes buscan acolchado primero.,Valor cotidiano,Calidad Restonic sin el precio Platinum.
b2,Firme|12.5 Pulgadas|Valor,Soporte firme directo a un precio cotidiano,,,,,,,,,Un firme de 12.5 pulgadas sin rodeos que mantiene tu columna alineada — soporte confiable noche tras noche.,Alineación firme confiable a precio cotidiano.,Sensación firme directa,Soporte sólido sin capas suaves que ablanden la superficie.,Valor cotidiano,El camino accesible a un colchón firme verdadero.
b3,Híbrido|Euro Top|Hecho en EE. UU.,"Híbrido euro-top de empresa familiar, diseñado en EE. UU.",,,,,,,,,Treinta años de experiencia familiar de Kingdom Mattress en un híbrido euro-top diseñado completamente en EE. UU.,Un híbrido euro-top de empresa familiar hecho para aguantar años de vida real.,Capa de confort euro-top,Una superficie acolchada que el Genesis Firme no tiene.,Ingeniería para durar,Diseñado por una empresa familiar de 30 años con la durabilidad primero.
b4,Híbrido|Firme|Hecho en EE. UU.,Híbrido firme de empresa familiar al mejor valor,,,,,,,,,Un híbrido firme diseñado completamente en EE. UU. por una empresa familiar de 30 años — soporte sólido al mejor valor de la tienda.,"Soporte híbrido firme, de empresa familiar y a un precio razonable.",Núcleo híbrido firme,Soporte de resortes con superficie firme — más receptivo que las camas de espuma de valor.,Firme del mejor valor,El híbrido firme verdadero más accesible de la línea.
b5,Marvelous Middle|Suave|Para Dormir de Lado,Alivio de presión suave con resortes centrales 25% más gruesos,,,,,,,,,Resortes centrales 25% más gruesos alivian la presión de hombros y caderas — favorito de quienes duermen de lado con soporte de borde real.,Alivio de presión suave zonificado — elección comprobada para dormir de lado.,Alivio de hombros y caderas,La superficie suave y la zonificación central atienden justo donde duele al dormir de lado.,Encasado de borde de 3 pulgadas,Rieles de espuma de alta densidad dan más superficie útil que las camas suaves de valor.
b6,Marvelous Middle|Extra Firme|Híbrido,Soporte híbrido extra firme a precio de valor,,,,,,,,,Un híbrido extra firme con resortes centrales 25% más gruesos — máximo soporte al precio más accesible.,El camino de valor al verdadero soporte extra firme zonificado.,Extra firme de valor,La sensación más firme del nivel bronce — sin nada de suavidad.,Núcleo híbrido zonificado,Refuerzo del tercio central que la mayoría de las camas firmes de valor omiten.
b7,Resortes|Medio|Mejor Valor,Confort medio equilibrado al precio más amigable,,,,,,,,,Un colchón de resortes medio equilibrado con los resortes centrales más gruesos de Restonic — calidad real al precio más amigable de la tienda.,Confort equilibrado fácil con soporte zonificado — la elección inteligente para empezar.,Sensación de resortes receptiva,Rebote clásico de resortes fácil para moverse — sin sensación de quedar atrapado en espuma.,El precio más amigable,La forma más accesible de entrar a una construcción Restonic zonificada.
