tier,id,name,brand,subBrand,pitchKey,archetype,displayPriority,firmnessScore,firmnessLabel,price,quizTags,displayBadges,highlight,locally-made,features,reason_cooling,reason_pressureRelief,reason_motionIsolation,reason_support,reason_plush,reason_medium,reason_firm,reason_durability,reason_default,topPickReason,differentiator1Title,differentiator1Detail,differentiator2Title,differentiator2Detail,storyHeadline,storyNarrative,trialCue,proof1Title,proof1Cue,proof2Title,proof2Cue,constructionComfort,constructionSupport
gold,g1,The Roma,Chattam & Wells,Roma,,Natural-fiber luxury firm,1,7,Firm,,,Luxury Natural Fibers|Firm|Euro-Top,Handcrafted firm luxury in Merino wool and cashmere,yes,support|firm|durability|hybrid|responsive|zoned,,,,,,,,,"Merino wool, cashmere, and graphite latex over multiple coil layers — firm support that breathes and lasts.","Handcrafted natural-fiber luxury with firm, breathable coil-on-coil support.",Natural fiber comfort layers,"Merino wool, camel hair, and cashmere breathe and temper heat in a way synthetic foams can't.",Coil-on-coil with graphite latex,Responsive lift and stability instead of the slow sink of memory foam.,"Natural materials, architectural support.","Merino wool, camel hair, cashmere and graphite latex create a tailored natural-fiber experience over layered coils.",Lie on your back and notice how the surface supports you before it gives.,Natural-fiber comfort,"Reveal the wool, camel hair and cashmere comfort materials.",Responsive layered support,Roll once and feel the buoyant response of latex over multiple coil layers.,"Merino wool, camel hair, cashmere and graphite latex",Multiple coil layers
gold,g2,The Saint Pierre,Chattam & Wells,Saint Pierre,,Plush natural-fiber luxury,1,3,Plush,,,Luxury Natural Fibers|Plush|Euro-Top,,yes,plush|soft|pressureRelief|durability|hybrid,,,,,,,,,A deep plush euro-top of wool and cashmere over layered coils — indulgent softness that never loses its support.,,Deep plush euro-top,,Breathable natural fill,Wool and cashmere keep the plush layers cooler than dense foam pillow-tops.,Natural-fiber indulgence.,"A deep plush euro-top turns wool and cashmere into a softer, enveloping expression of handcrafted comfort.",Settle in slowly and let the euro-top take your shoulder and hip.,Deep plush euro-top,Settle into the generously cushioned surface.,Breathable natural fill,Reveal the wool and cashmere beneath the plush finish.,Deep plush euro-top with wool and cashmere,
gold,g3,The Palermo,Chattam & Wells,Palermo,,Hand-tufted firm pillowtop,1,7,Firm,,,"4,294 Coils|Firm|Hand-Tufted","4,294 coils of hand-tufted firm support",yes,support|firm|durability|zoned|hybrid,,,,,,,,,"4,294 coils, Merino wool, and a hand-tufted build — firm alignment engineered to hold for decades.","Massive 4,294-coil count with hand-tufted craftsmanship for firm, lasting alignment.","4,294-coil support system","Several times the coil count of a standard bed — finer, more contoured firm support.",Hand-tufted construction,,Craft you can see.,"Hand tufting and 4,294 coils make construction, not decoration, the luxury story.",Lie across the surface and notice how evenly it holds you.,Hand-tufted construction,Point out the visible tufting that holds the comfort layers together.,Fine-grained coil support,Lie across the surface and feel the composed firm response.,Hand-tufted comfort layers,"4,294 coils"
gold,g4,Tempur-LuxeBreeze 2.0 Soft,Tempur-Pedic,LuxeBreeze,,Maximum-cooling soft memory foam,1,2,Soft,,,Cooling|Soft|Memory Foam,,no,cooling|soft|plush|pressureRelief|motionIsolation,,,,,,,,,Tempur-Pedic's coolest mattress — Pure Cool Plus material pulls heat away while soft TEMPUR cradles every curve.,,,,Soft TEMPUR contour,Slowly settles around pressure points instead of pushing back like coils.,"Cool, slow-settling comfort.",Cooling materials temper the deeply conforming character of soft TEMPUR material.,Stay still for a full minute and feel the material settle around you.,Cooling surface,Touch the cover before lying down.,Soft TEMPUR contour,Remain still long enough to feel the material gradually settle around the body.,Cooling cover over soft TEMPUR material,
gold,g5,Tempur-ProBreeze 2.0 Medium Hybrid,Tempur-Pedic,ProBreeze,,Cooling adaptive hybrid,1,5,Medium,,,Cooling|Hybrid|Medium,,no,cooling|medium|hybrid|pressureRelief|support,,,,,,,,,Cool-to-the-touch Breeze cover and Pure Cool material over a hybrid coil base — cooling plus true TEMPUR pressure relief.,,Cool-to-touch Breeze cover,Noticeably cooler on contact than standard TEMPUR models.,Hybrid coil base,Adds airflow and a touch of responsiveness under the memory foam.,Cooling with responsive lift.,The Breeze surface and TEMPUR pressure relief sit over a responsive hybrid foundation.,Roll over once and notice how easily you move.,Cool-to-touch Breeze cover,Place a hand on the surface and notice the immediate cool feel.,Hybrid coil response,Roll or sit up and notice the coil-assisted movement.,Breeze cover over TEMPUR material,Hybrid coil base
gold,g6,Reserve Mayfair Plush,Restonic,Reserve,,,1,3,Plush,,,Plush,,yes,plush|soft|pressureRelief|hybrid|durability,,,,,,,,,,,,,,,Hand-built natural luxury with a plush finish.,The Mayfair's natural and responsive comfort stack is presented with a deeply cushioned plush feel.,"Settle into the plush surface, then move and feel it recover.",Hand-tufted cooling surface,"Touch the Tencel cover and notice the smooth, cool first contact.",Natural responsive comfort,"Press and release the wool, latex and microcoil comfort stack to feel its quick recovery.","Hand-tufted Tencel cover over wool, latex and microcoils",Zoned coils
gold,g7,Reserve Mayfair Medium,Restonic,Reserve,,,1,5,Medium,,,Medium,,yes,medium|support|hybrid|durability|pressureRelief,,,,,,,,,,,,,,,Hand-tufted balance in natural materials.,"Wool, latex, specialty foams, microcoils and zoned coils create a composed medium feel.",Lie on your side and notice the balanced give and quick recovery.,Hand-tufted cooling surface,"Touch the Tencel cover and notice the smooth, cool first contact.",Natural responsive comfort,"Press and release the wool, latex and microcoil comfort stack to feel its quick recovery.","Hand-tufted Tencel cover over wool, latex and microcoils",Zoned coils
gold,g8,Royal Reserve Extra Firm,Restonic,Royal Reserve,,,1,8,Extra Firm,,,Extra Firm,,yes,firm|support|durability|hybrid,,,,,,,,,,,,,,,Natural luxury with an uncompromising foundation.,"A hand-tufted cooling surface, wool, latex and microcoils dress an assertively firm support system.",Lie on your back and feel how little the surface gives.,Hand-tufted natural comfort,Touch the cooling surface and reveal the wool and latex beneath it.,Reinforced extra-firm support,Lie through the center and feel the restrained surface over zoned coils.,"Hand-tufted cooling surface over wool, latex and microcoils","Zoned coils, extra-firm"
gold,g9,Copper Cushion Firm,Spring Air,Copper,,,1,6,Cushion Firm,,,Cushion Firm,,no,cooling|medium|support|hybrid|responsive,,,,,,,,,,,,,,,Copper from surface to comfort core.,Copper fabric and copper-infused comfort materials give this cushion-firm hybrid a distinctive material identity.,"Press a hand into the surface, then lie down and feel the cushion over the firm core.",Copper textile,Identify the copper-bearing surface fabric.,Copper-infused comfort,Reveal how the copper story continues through the comfort materials.,Copper fabric and copper-infused comfort materials,Hybrid coils
silver,s1,Platinum Paige Firm,Restonic,Platinum,,Luxury firm box-top hybrid,1,7,Firm,,,Marvelous Middle|Firm|Box Top,Luxury 16-inch box top with firm zoned support,yes,firm|support|zoned|hybrid|durability,,,,"Individually pocketed coils that move independently, zoned for targeted support, with foam encasement around the edge.",,,,,Patented Marvelous Middle delivers 25% more support in the center third — where your body needs it most.,"Luxury box-top comfort with firm, zoned center-third support.",Marvelous Middle zoning,"25% more support under hips and lower back, where most beds sag first.",Luxury box-top build,A tailored 16-inch profile with plush surface layers over a firm core.,A grand box-top with a disciplined center.,The tall tailored profile delivers surface refinement while center zoning supplies the underlying structure.,Lie through the center and feel the firm support under the tailored top.,Tailored box-top,Notice the finished comfort profile before settling into the firm core.,Marvelous Middle zoning,Lie through the center and feel the reinforced support beneath the hips.,Tall tailored box-top,Marvelous Middle center zoning
silver,s2,Platinum Paige Extra Firm,Restonic,Platinum,,Luxury extra-firm hybrid,1,8,Extra Firm,,,Marvelous Middle|Extra Firm|Hybrid,Maximum support with luxury Paige comfort layers,yes,firm|support|zoned|hybrid,,,,,,,Rated Extra Firm — a very firm feel with little give at the surface.,,Extra-firm hybrid support with Marvelous Middle zoning — maximum lift without giving up the luxury layers.,The firmest Platinum — extra-firm zoned support in a luxury build.,Extra-firm support core,Noticeably firmer than the Paige Firm — for sleepers who want no sink at all.,Zoned center third,,Extra-firm support dressed in rich layers.,Natural and temperature-conscious comfort layers add refinement without softening the mattress's decisive stance.,Lie on your back and notice the limited give above the support.,Rich comfort stack,Reveal the natural and cooling materials above the support system.,Reinforced center and edge,Test the center and perimeter while noticing the limited surface give.,Natural and cooling comfort layers,Reinforced center and edge
silver,s3,Platinum Maria Plush,Restonic,Platinum,,,1,3,Plush,,,Plush Box Top,,yes,plush|soft|pressureRelief|zoned|hybrid|motionIsolation,,,,,,,,,,,,,,,"Plush above, structured beneath.",Cooling comfort layers create the welcome while zoned wrapped coils and edge encasement provide hidden discipline.,Lie on your side and let the shoulder settle before you judge the support.,Plush box-top comfort,Try a normal side-sleeping position and let the shoulder settle.,Zoned edge-to-edge structure,Move toward the perimeter and feel the supported edge.,"Cooling comfort layers, plush box-top",Zoned wrapped coils with edge encasement
silver,s4,Platinum Maria Firm,Restonic,Platinum,,Firm box-top zoned hybrid,1,7,Firm,,,Firm Box Top|Zoned Coils|Edge Support,Firm box-top comfort with zoned coil support,yes,firm|support|zoned|hybrid|durability,,,,,,,"Rated Firm, with less give and more pushback at the surface.",,,Firm zoned support in a box-top build with lasting edge-to-edge comfort.,Firm with a finished top,"Firm alignment without the bare, hard feel of a tight-top firm.",3-inch edge encasement,High-density foam rails keep the sleeping surface usable to the very edge.,"Firm, finished, edge-to-edge.",A tailored box-top takes the severity out of firm support while the encased perimeter preserves the surface.,"Lie down, then sit near the edge and notice the supported surface.",Finished firm surface,Feel the tailored top before reaching the firmer support underneath.,Supported perimeter,Sit or lie near the edge and notice the usable surface.,Tailored box-top,Firm support with an encased perimeter
silver,s5,Platinum Summit Firm,Restonic,Platinum,,Cool-gel firm hybrid,1,7,Firm,,,Cool Gel|Firm|Hybrid,Cool gel memory foam over firm hybrid support,yes,firm|cooling|support|hybrid|pressureRelief,,,,,,,"Rated Firm, with less give at the surface and a tight-top construction without a pillow-top layer.",,A full layer of cool-gel memory foam over a firm hybrid core — pressure relief with a cooling effect and solid alignment.,Firm hybrid support topped with cooling gel memory foam.,Cool-gel memory foam layer,Adds cooling comfort a plain firm innerspring doesn't have.,Firm hybrid core,,Cool comfort over a decisive core.,The Summit construction presents its cooling comfort layers over a firm hybrid foundation.,Lie on your back and feel for the stable firm support beneath the comfort layer.,Cooling comfort layers,"Touch the cooling cover, then settle into the breathable comfort foam beneath it.",Pocketed zoned support,Change positions and feel the coil system respond beneath the surface.,Cooling cover over breathable comfort foam,Pocketed zoned coils
silver,s6,Platinum Summit Medium,Restonic,Platinum,,,1,5,Medium,,,Medium|Hybrid,,yes,medium|cooling|pressureRelief|hybrid|support,,,,,,Rated Medium — a balanced feel between plush and firm.,,,,,Crowd-pleasing medium,The feel most couples agree on — balanced give and support.,,,Temperature-conscious balance.,Cooling comfort and pocketed support create an approachable medium hybrid.,Change positions once and notice the balanced give and easy movement.,Cooling comfort layers,"Touch the cooling cover, then settle into the breathable comfort foam beneath it.",Pocketed zoned support,Change positions and feel the coil system respond beneath the surface.,Cooling cover over breathable comfort foam,Pocketed zoned coils
silver,s7,Platinum Summit Plush,Restonic,Platinum,,,1,3,Plush,,,Plush|Hybrid,,yes,plush|soft|cooling|pressureRelief|hybrid,,,,,Rated Plush — a softer feel with more give at the surface.,,,,,,,,Supported softness,,Cooling comfort with a softer welcome.,The Summit construction is expressed through a plush surface while retaining its pocketed support beneath.,"Settle into the plush comfort, then change position and feel the support respond.",Cooling comfort layers,"Touch the cooling cover, then settle into the breathable comfort foam beneath it.",Pocketed zoned support,Change positions and feel the coil system respond beneath the surface.,Cooling cover over breathable comfort foam,Pocketed zoned coils
silver,s8,Kendall Firm Euro Top,Restonic,ComfortCare,,Zoned firm euro-top hybrid,1,7,Firm,,,Marvelous Middle|Firm|Euro Top,,yes,firm|support|zoned|hybrid,,,,,,,"Rated Firm, with less give and more pushback at the surface.",,,Zoned firm support with a euro-top finish — firm without feeling bare.,Euro-top over firm coils,A sewn-under cushion layer takes the edge off a true firm feel.,Thicker center-third coils,Restonic's signature zoning holds hips level where beds break down first.,A cushioned finish over purposeful support.,The euro-top softens first contact while center-third zoning maintains the mattress's firm identity.,"Feel the cushion first, then lie through the center for the firmer structure.",Cushioned euro-top,Feel the initial cushion at the surface.,Center-third support,Lie through the center and find the firmer structure underneath.,Euro-top,Center-third zoning
silver,s9,Kendall Luxury Medium,Restonic,ComfortCare,,Motion-isolating medium hybrid,1,5,Medium,,,Hybrid|Medium|Motion Isolation,Conforming luxury medium that stays still all night,yes,medium|motionIsolation|pressureRelief|hybrid|support,,,,,,,,,Layers of conforming foam over wrapped coils — balanced medium comfort that absorbs a partner's movement.,,Wrapped-coil motion isolation,,Conforming comfort layers,Foam layers contour without the deep sink of memory-foam beds.,Quiet comfort for two.,Conforming foam and independently wrapped coils create a calm medium surface designed to limit transferred movement.,"Lie on your side, then ask your partner to move and notice what reaches you.",Controlled contour,Settle into the comfort layers without a deep foam sink.,Independently wrapped coils,Let one person change position while the other remains still.,Conforming foam,Independently wrapped coils
silver,s10,Kendall Extra Firm,Restonic,ComfortCare,,Zoned extra-firm hybrid,1,8,Extra Firm,,,Marvelous Middle|Extra Firm|Tight Top,Extra-firm zoned support at a working price,yes,firm|support|zoned|hybrid|durability,,,,,,,,,,,Extra-firm tight top,"A flat, supportive surface with no plush give — for sleepers who want solid.",Zoned center support,Thicker center coils protect the firm feel from early body impressions.,Structured support with a cooling surface.,Cooling comfort materials sit above an extra-firm tight-top with reinforced center and perimeter support.,"Touch the cover, then lie on your back and feel the limited give.",Cooling surface,Touch the cover before lying down.,Reinforced structure,Test the center and edge while noticing the limited surface give.,"Cooling comfort materials, tight-top",Reinforced center and perimeter
bronze,b1,Giselle Plush,Restonic,Giselle,,Everyday plush comfort,1,3,Plush,,,Plush|12.5-Inch|Value,"Soft, welcoming plush at an everyday price",yes,plush|soft|pressureRelief,,,,,,,,,A 12.5-inch plush build that cushions shoulders and hips — easy softness at a price that makes sense.,,True plush surface,Softer than the Gracie — made for sleepers who want cushion first.,Everyday value,Restonic quality without the Platinum price.,"A cool, generous welcome.","A cool-to-touch surface and plush memory foam create the first impression, with pocketed zoned coils underneath.","Touch the cover, then lie on your side and let the shoulder settle.",Cool plush surface,"Touch the cover, then let the shoulder and hip settle into the smooth comfort layer.",Zoned pocketed support,Change positions and feel the support beneath the plush surface.,Cool-to-touch surface over plush memory foam,Pocketed zoned coils
bronze,b2,Giselle Firm,Restonic,Giselle,,Everyday firm support,1,7,Firm,,,Firm|12.5-Inch|Value,Straightforward firm support at an everyday price,yes,firm|support|durability,,,,,,,"Rated Firm, with less give and more pushback at the surface.",,A no-nonsense 12.5-inch firm that keeps your spine aligned — dependable support night after night.,Dependable firm alignment at an everyday price.,Straightforward firm feel,Solid support without plush layers softening the surface.,Everyday value,The affordable path to a true firm mattress.,Clean firmness with thoughtful engineering.,A cooling surface and pocketed center-zoned coils elevate a straightforward firm mattress.,Lie through the center and notice the restrained surface.,Cooling first contact,Touch the cover before lying down.,Center-zoned firm support,Lie through the center and notice the restrained surface.,Cooling surface,Pocketed center-zoned coils
bronze,b3,Genesis Euro Top,Genesis,Kingdom Mattress,,USA-engineered family hybrid,2,5,Medium,,,Hybrid|Euro Top|Made in USA,"Family-built euro-top hybrid, engineered in the USA",no,medium|hybrid|support|durability|pressureRelief,,,,,,,,,Thirty years of Kingdom Mattress family know-how in a euro-top hybrid engineered entirely in the USA.,A family-company euro-top hybrid built to take years of real life.,Euro-top comfort layer,A cushioned top the plain Genesis Firm doesn't have.,Built-to-last engineering,Designed by a 30-year family company for durability first.,Family-built American comfort.,A family company's hybrid foundation receives a relaxed euro-top finish.,Roll once and feel the coils respond under the cushioned top.,Cushioned euro-top,Feel the additional comfort at first contact.,Responsive hybrid foundation,Roll once and feel the coil response beneath the cushion.,Euro-top,Hybrid coil foundation
bronze,b4,Genesis Firm,Genesis,Kingdom Mattress,,USA-engineered firm value,2,7,Firm,,,Hybrid|Firm|Made in USA,Firm family-built hybrid at the best value,no,firm|hybrid|support|durability,,,,,,,"Rated Firm, with less give and more pushback at the surface.",,A firm hybrid engineered entirely in the USA by a 30-year family company — solid support at the best value in the store.,"Firm hybrid support, family-built and priced to make sense.",Firm hybrid core,Coil support with a firm surface — more responsive than foam value beds.,Best-value firm,The most affordable true firm hybrid in the lineup.,American-engineered response without excess.,A direct firm hybrid focuses on immediate coil response and an uncomplicated surface.,"Press the top, then roll or rise and feel the immediate response.",Direct firm surface,Press the top and notice its limited give.,Responsive hybrid support,Roll or rise and feel the mattress respond immediately.,Firm surface,Hybrid coils
bronze,b5,Angelina Plush,Restonic,ComfortCare,,Zoned plush for side sleepers,1,3,Plush,,,Marvelous Middle|Plush|Side Sleeper,,yes,plush|soft|pressureRelief|zoned,,,,,Rated Plush — a softer feel with more give at the surface.,,,,,,,,3-inch edge encasement,High-density foam rails give a bigger usable sleep surface than value plush beds.,Side-sleeper softness with hidden structure.,A plush surface welcomes the shoulder and hip while a reinforced center and encased edge provide structure.,"Lie on your side and let the shoulder settle, then move toward the edge.",Plush pressure-conscious surface,Try a normal side-sleeping position and let the shoulder settle naturally.,Center and edge support,Move toward the perimeter and feel the supported edge.,Plush surface,Reinforced center with an encased edge
bronze,b6,Angelina Extra Firm,Restonic,ComfortCare,,Zoned extra-firm value hybrid,1,8,Extra Firm,,,Marvelous Middle|Extra Firm|Hybrid,Extra-firm hybrid support at a value price,yes,firm|support|zoned|hybrid,,,,,,,Rated Extra Firm — a very firm feel with little give at the surface.,,,The value path to real extra-firm zoned support.,Value extra-firm,The firmest feel in the bronze tier — no plush give at all.,Zoned hybrid core,Center-third reinforcement most value firm beds skip.,"Compact, extra-firm control.",A restrained tight-top places reinforced center support and perimeter structure ahead of decorative cushioning.,"Press the top, then lie down and test the center and the edge.",Extra-firm surface,Press the top and notice its limited give.,Reinforced center and edge,Test the middle and perimeter of the mattress.,Restrained tight-top,Reinforced center and perimeter
bronze,b7,Gracie Medium,Restonic,Grace,,Everyday balanced innerspring,1,5,Medium,,,Innerspring|Medium|Best Value,Balanced medium comfort at the friendliest price,yes,medium|support|zoned|responsive,,,,,,Rated Medium — a balanced feel between plush and firm.,,,A balanced medium innerspring with Restonic's thicker center coils — real quality at the friendliest price in the store.,Easy balanced comfort with zoned support — the smart starter pick.,Responsive innerspring feel,Classic coil bounce that's easy to move on — no stuck-in-foam feeling.,Friendliest price,The most affordable way into a zoned Restonic build.,"Classic innerspring character, thoughtfully reinforced.","Traditional coil response is paired with a stronger center, supportive perimeter and cooling cover.","Roll once and feel the familiar spring response, then sit near the edge.",Classic responsive feel,Roll once and feel the familiar spring response.,Reinforced sleep surface,Test the center and then sit near the supported edge.,Cooling cover,Innerspring coils with a reinforced center and perimeter
